State,Year,Income per Capita,Percentage of 6-17 Year-Olds in Poverty
Alabama,1977,22639,25
Alaska,1977,48630,10
Arizona,1977,26099,15
Arkansas,1977,22054,27
California,1977,33297,13
Colorado,1977,29763,10
Connecticut,1977,33604,8
Delaware,1977,30694,8
District of Columbia,1977,39645,21
Florida,1977,27756,19
Georgia,1977,24453,21
Hawaii,1977,33900,9
Idaho,1977,25457,14
Illinois,1977,32201,15
Indiana,1977,27518,13
Iowa,1977,28129,13
Kansas,1977,28483,10
Kentucky,1977,23511,14
Louisiana,1977,23723,25
Maine,1977,24104,14
Maryland,1977,32705,8
Massachusetts,1977,29725,15
Michigan,1977,30221,11
Minnesota,1977,29056,9
Mississippi,1977,20547,31
Missouri,1977,27130,15
Montana,1977,25949,13
Nebraska,1977,27452,8
Nevada,1977,33443,9
New Hampshire,1977,27137,14
New Jersey,1977,32858,13
New Mexico,1977,24242,24
New York,1977,31351,16
North Carolina,1977,23734,21
North Dakota,1977,25322,13
Ohio,1977,28648,12
Oklahoma,1977,25745,16
Oregon,1977,29417,13
Pennsylvania,1977,28787,16
Rhode Island,1977,27402,18
South Carolina,1977,22523,27
South Dakota,1977,25023,16
Tennessee,1977,23681,23
Texas,1977,27199,22
Utah,1977,24407,10
Vermont,1977,24054,12
Virginia,1977,29260,13
Washington,1977,30790,10
West Virginia,1977,22981,17
Wisconsin,1977,28375,13
Wyoming,1977,31263,14
Alabama,1978,23479,29
Alaska,1978,45985,8
Arizona,1978,27585,14
Arkansas,1978,23407,28
California,1978,34503,13
Colorado,1978,31098,11
Connecticut,1978,34711,12
Delaware,1978,31133,13
District of Columbia,1978,39942,25
Florida,1978,29021,20
Georgia,1978,25430,20
Hawaii,1978,34485,12
Idaho,1978,26427,8
Illinois,1978,32952,18
Indiana,1978,28328,11
Iowa,1978,30104,8
Kansas,1978,29118,14
Kentucky,1978,24097,16
Louisiana,1978,24883,23
Maine,1978,24544,16
Maryland,1978,33653,9
Massachusetts,1978,30540,14
Michigan,1978,31169,10
Minnesota,1978,30111,8
Mississippi,1978,21031,33
Missouri,1978,27935,20
Montana,1978,27828,16
Nebraska,1978,29400,13
Nevada,1978,35407,12
New Hampshire,1978,28364,5
New Jersey,1978,33846,13
New Mexico,1978,25265,21
New York,1978,31991,18
North Carolina,1978,24583,17
North Dakota,1978,29497,17
Ohio,1978,29379,13
Oklahoma,1978,26724,16
Oregon,1978,30494,10
Pennsylvania,1978,29543,13
Rhode Island,1978,27892,18
South Carolina,1978,23246,20
South Dakota,1978,26770,20
Tennessee,1978,24754,24
Texas,1978,28528,18
Utah,1978,25144,6
Vermont,1978,25323,12
Virginia,1978,30404,13
Washington,1978,32341,13
West Virginia,1978,23593,21
Wisconsin,1978,29350,8
Wyoming,1978,33160,8
Alabama,1979,23213,24
Alaska,1979,43500,6
Arizona,1979,27832,10
Arkansas,1979,22751,26
California,1979,34504,13
Colorado,1979,31131,16
Connecticut,1979,34985,10
Delaware,1979,30662,8
District of Columbia,1979,38689,20
Florida,1979,28859,21
Georgia,1979,25065,21
Hawaii,1979,33949,9
Idaho,1979,25428,10
Illinois,1979,32495,16
Indiana,1979,27893,14
Iowa,1979,28977,6
Kansas,1979,29667,13
Kentucky,1979,24086,21
Louisiana,1979,24975,24
Maine,1979,24295,19
Maryland,1979,33133,8
Massachusetts,1979,30486,18
Michigan,1979,30521,9
Minnesota,1979,29837,8
Mississippi,1979,21175,27
Missouri,1979,27870,12
Montana,1979,26673,19
Nebraska,1979,28409,10
Nevada,1979,34687,12
New Hampshire,1979,28538,9
New Jersey,1979,33663,15
New Mexico,1979,25036,21
New York,1979,31577,17
North Carolina,1979,24134,23
North Dakota,1979,27132,11
Ohio,1979,29135,11
Oklahoma,1979,27321,15
Oregon,1979,30149,10
Pennsylvania,1979,29337,14
Rhode Island,1979,27854,13
South Carolina,1979,23046,17
South Dakota,1979,26452,10
Tennessee,1979,24391,20
Texas,1979,28695,19
Utah,1979,24587,10
Vermont,1979,25229,12
Virginia,1979,30187,14
Washington,1979,32299,12
West Virginia,1979,23409,19
Wisconsin,1979,29318,10
Wyoming,1979,33194,6
Alabama,1980,22364,30
Alaska,1980,43283,12
Arizona,1980,27222,12
Arkansas,1980,21448,27
California,1980,33717,13
Colorado,1980,30779,9
Connecticut,1980,34925,8
Delaware,1980,30550,12
District of Columbia,1980,36992,29
Florida,1980,28777,22
Georgia,1980,24177,20
Hawaii,1980,33482,12
Idaho,1980,24799,11
Illinois,1980,30971,19
Indiana,1980,26348,12
Iowa,1980,27154,5
Kansas,1980,28463,9
Kentucky,1980,22964,15
Louisiana,1980,24810,25
Maine,1980,24041,14
Maryland,1980,32459,6
Massachusetts,1980,30236,13
Michigan,1980,28757,11
Minnesota,1980,28856,8
Mississippi,1980,20136,24
Missouri,1980,26470,14
Montana,1980,25839,20
Nebraska,1980,26541,10
Nevada,1980,33375,7
New Hampshire,1980,28367,9
New Jersey,1980,33327,18
New Mexico,1980,24219,22
New York,1980,31087,18
North Carolina,1980,23444,18
North Dakota,1980,22808,16
Ohio,1980,28014,11
Oklahoma,1980,27083,13
Oregon,1980,28712,13
Pennsylvania,1980,28339,12
Rhode Island,1980,27813,11
South Carolina,1980,22389,28
South Dakota,1980,23399,17
Tennessee,1980,23345,21
Texas,1980,28121,20
Utah,1980,23365,11
Vermont,1980,24649,12
Virginia,1980,29787,15
Washington,1980,31158,11
West Virginia,1980,22537,22
Wisconsin,1980,28231,8
Wyoming,1980,32501,6
Alabama,1981,22403,29
Alaska,1981,43219,11
Arizona,1981,27465,17
Arkansas,1981,21962,30
California,1981,33645,15
Colorado,1981,31377,8
Connecticut,1981,35365,12
Delaware,1981,30428,16
District of Columbia,1981,36086,31
Florida,1981,29121,23
Georgia,1981,24428,20
Hawaii,1981,32464,10
Idaho,1981,24425,18
Illinois,1981,31085,19
Indiana,1981,26245,14
Iowa,1981,27906,12
Kansas,1981,29042,12
Kentucky,1981,23118,21
Louisiana,1981,25566,28
Maine,1981,23941,25
Maryland,1981,32443,13
Massachusetts,1981,30413,12
Michigan,1981,28022,17
Minnesota,1981,28798,10
Mississippi,1981,20383,31
Missouri,1981,26740,15
Montana,1981,26376,14
Nebraska,1981,27806,17
Nevada,1981,32902,9
New Hampshire,1981,28744,9
New Jersey,1981,33579,14
New Mexico,1981,24395,25
New York,1981,31397,19
North Carolina,1981,23697,20
North Dakota,1981,26868,17
Ohio,1981,27640,12
Oklahoma,1981,28162,15
Oregon,1981,27832,16
Pennsylvania,1981,28370,13
Rhode Island,1981,27973,17
South Carolina,1981,22518,18
South Dakota,1981,24700,24
Tennessee,1981,23413,25
Texas,1981,29149,21
Utah,1981,23208,11
Vermont,1981,25025,14
Virginia,1981,29882,17
Washington,1981,30921,15
West Virginia,1981,22241,19
Wisconsin,1981,27829,10
Wyoming,1981,32476,10
Alabama,1982,22257,32
Alaska,1982,46235,10
Arizona,1982,26634,16
Arkansas,1982,21750,31
California,1982,33151,19
Colorado,1982,31529,12
Connecticut,1982,35853,14
Delaware,1982,30725,13
District of Columbia,1982,36411,24
Florida,1982,28878,25
Georgia,1982,24563,24
Hawaii,1982,31768,13
Idaho,1982,23708,19
Illinois,1982,31041,19
Indiana,1982,25630,15
Iowa,1982,27248,17
Kansas,1982,29462,14
Kentucky,1982,23121,24
Louisiana,1982,25459,34
Maine,1982,24343,22
Maryland,1982,32973,15
Massachusetts,1982,31396,15
Michigan,1982,27528,17
Minnesota,1982,28906,11
Mississippi,1982,20139,29
Missouri,1982,26929,15
Montana,1982,25903,15
Nebraska,1982,28136,18
Nevada,1982,31879,15
New Hampshire,1982,29467,10
New Jersey,1982,34061,14
New Mexico,1982,24510,25
New York,1982,32041,20
North Carolina,1982,23665,24
North Dakota,1982,27018,16
Ohio,1982,27308,17
Oklahoma,1982,28607,14
Oregon,1982,26905,15
Pennsylvania,1982,28564,17
Rhode Island,1982,28257,13
South Carolina,1982,22354,23
South Dakota,1982,24585,26
Tennessee,1982,23358,27
Texas,1982,29022,20
Utah,1982,23104,15
Vermont,1982,25326,12
Virginia,1982,30167,15
Washington,1982,30560,12
West Virginia,1982,22247,23
Wisconsin,1982,27620,9
Wyoming,1982,31239,7
Alabama,1983,23047,31
Alaska,1983,44869,11
Arizona,1983,27595,19
Arkansas,1983,22299,32
California,1983,34005,20
Colorado,1983,32075,17
Connecticut,1983,36880,14
Delaware,1983,31537,15
District of Columbia,1983,36896,34
Florida,1983,30295,24
Georgia,1983,25761,27
Hawaii,1983,33305,17
Idaho,1983,24683,17
Illinois,1983,31425,17
Indiana,1983,26114,18
Iowa,1983,27148,21
Kansas,1983,29602,15
Kentucky,1983,23188,24
Louisiana,1983,25455,30
Maine,1983,25118,18
Maryland,1983,34045,17
Massachusetts,1983,32903,15
Michigan,1983,28552,23
Minnesota,1983,29417,15
Mississippi,1983,20338,31
Missouri,1983,27759,17
Montana,1983,26119,19
Nebraska,1983,28217,17
Nevada,1983,32070,10
New Hampshire,1983,31039,12
New Jersey,1983,35535,19
New Mexico,1983,24886,29
New York,1983,33305,22
North Carolina,1983,24748,24
North Dakota,1983,27263,15
Ohio,1983,28100,18
Oklahoma,1983,27630,16
Oregon,1983,27789,22
Pennsylvania,1983,29036,21
Rhode Island,1983,29469,15
South Carolina,1983,23347,26
South Dakota,1983,24725,20
Tennessee,1983,24088,34
Texas,1983,29116,24
Utah,1983,23398,16
Vermont,1983,25995,15
Virginia,1983,31214,18
Washington,1983,31364,17
West Virginia,1983,22182,35
Wisconsin,1983,28215,11
Wyoming,1983,29708,10
Alabama,1984,24195,31
Alaska,1984,43485,12
Arizona,1984,29021,27
Arkansas,1984,23652,24
California,1984,35571,22
Colorado,1984,33174,16
Connecticut,1984,39388,15
Delaware,1984,32981,9
District of Columbia,1984,38581,31
Florida,1984,31470,23
Georgia,1984,27467,25
Hawaii,1984,33712,17
Idaho,1984,25078,23
Illinois,1984,33163,20
Indiana,1984,27758,23
Iowa,1984,29023,24
Kansas,1984,30967,17
Kentucky,1984,24803,23
Louisiana,1984,25939,26
Maine,1984,26462,16
Maryland,1984,35757,14
Massachusetts,1984,35327,11
Michigan,1984,30265,23
Minnesota,1984,31864,15
Mississippi,1984,21214,35
Missouri,1984,29317,20
Montana,1984,26258,17
Nebraska,1984,29956,15
Nevada,1984,32712,14
New Hampshire,1984,33015,10
New Jersey,1984,37491,17
New Mexico,1984,25666,28
New York,1984,35255,23
North Carolina,1984,26449,18
North Dakota,1984,27982,19
Ohio,1984,29747,17
Oklahoma,1984,28447,25
Oregon,1984,28770,21
Pennsylvania,1984,30113,21
Rhode Island,1984,30956,19
South Carolina,1984,24646,28
South Dakota,1984,26659,20
Tennessee,1984,25549,28
Texas,1984,30113,21
Utah,1984,24323,18
Vermont,1984,27325,22
Virginia,1984,32833,14
Washington,1984,31947,16
West Virginia,1984,23074,29
Wisconsin,1984,29662,13
Wyoming,1984,30023,17
Alabama,1985,25037,25
Alaska,1985,43804,10
Arizona,1985,29961,26
Arkansas,1985,24264,31
California,1985,36306,20
Colorado,1985,33443,10
Connecticut,1985,40552,8
Delaware,1985,34339,12
District of Columbia,1985,39402,35
Florida,1985,32490,24
Georgia,1985,28462,22
Hawaii,1985,34266,14
Idaho,1985,25340,24
Illinois,1985,33729,22
Indiana,1985,28287,16
Iowa,1985,29316,20
Kansas,1985,31477,14
Kentucky,1985,25011,22
Louisiana,1985,26028,28
Maine,1985,27382,19
Maryland,1985,37111,15
Massachusetts,1985,36674,14
Michigan,1985,31611,24
Minnesota,1985,32445,9
Mississippi,1985,21514,32
Missouri,1985,30151,21
Montana,1985,25701,14
Nebraska,1985,30559,19
Nevada,1985,33488,13
New Hampshire,1985,34523,6
New Jersey,1985,38605,17
New Mexico,1985,26392,25
New York,1985,36371,23
North Carolina,1985,27252,19
North Dakota,1985,28088,17
Ohio,1985,30522,18
Oklahoma,1985,28737,17
Oregon,1985,29077,18
Pennsylvania,1985,30987,23
Rhode Island,1985,31916,22
South Carolina,1985,25255,24
South Dakota,1985,26405,17
Tennessee,1985,26280,27
Texas,1985,30771,22
Utah,1985,24881,10
Vermont,1985,28337,14
Virginia,1985,33919,13
Washington,1985,32347,14
West Virginia,1985,23458,26
Wisconsin,1985,30119,19
Wyoming,1985,30619,19
Alabama,1986,25891,29
Alaska,1986,42450,10
Arizona,1986,31030,13
Arkansas,1986,24971,29
California,1986,37354,20
Colorado,1986,33823,12
Connecticut,1986,42571,14
Delaware,1986,35331,18
District of Columbia,1986,40405,42
Florida,1986,33562,23
Georgia,1986,29880,27
Hawaii,1986,35305,16
Idaho,1986,25547,18
Illinois,1986,34878,23
Indiana,1986,29314,14
Iowa,1986,30158,23
Kansas,1986,32320,17
Kentucky,1986,25303,24
Louisiana,1986,25573,22
Maine,1986,29010,16
Maryland,1986,38696,14
Massachusetts,1986,38681,15
Michigan,1986,32852,20
Minnesota,1986,33562,17
Mississippi,1986,21857,30
Missouri,1986,31049,20
Montana,1986,26519,17
Nebraska,1986,31096,18
Nevada,1986,34493,16
New Hampshire,1986,36476,5
New Jersey,1986,40258,13
New Mexico,1986,26525,24
New York,1986,38016,24
North Carolina,1986,28508,16
North Dakota,1986,28290,16
Ohio,1986,31387,19
Oklahoma,1986,28506,20
Oregon,1986,29986,15
Pennsylvania,1986,31993,14
Rhode Island,1986,33381,11
South Carolina,1986,26176,17
South Dakota,1986,27165,21
Tennessee,1986,27486,26
Texas,1986,30386,22
Utah,1986,25332,10
Vermont,1986,29769,15
Virginia,1986,35328,13
Washington,1986,33592,15
West Virginia,1986,23904,26
Wisconsin,1986,31157,12
Wyoming,1986,30111,13
Alabama,1987,26292,36
Alaska,1987,39665,13
Arizona,1987,31162,19
Arkansas,1987,24926,27
California,1987,37922,19
Colorado,1987,33627,17
Connecticut,1987,44588,12
Delaware,1987,36285,21
District of Columbia,1987,41152,24
Florida,1987,34084,15
Georgia,1987,30405,22
Hawaii,1987,35764,13
Idaho,1987,26003,23
Illinois,1987,35588,21
Indiana,1987,29923,16
Iowa,1987,30733,17
Kansas,1987,32429,14
Kentucky,1987,25794,24
Louisiana,1987,25119,29
Maine,1987,30095,11
Maryland,1987,39579,14
Massachusetts,1987,40213,13
Michigan,1987,32749,22
Minnesota,1987,34298,19
Mississippi,1987,22338,32
Missouri,1987,31357,20
Montana,1987,26576,22
Nebraska,1987,31517,19
Nevada,1987,34876,14
New Hampshire,1987,37865,2
New Jersey,1987,41649,14
New Mexico,1987,26424,28
New York,1987,39079,20
North Carolina,1987,29248,18
North Dakota,1987,28415,12
Ohio,1987,31642,20
Oklahoma,1987,27757,19
Oregon,1987,30261,14
Pennsylvania,1987,32628,14
Rhode Island,1987,34152,11
South Carolina,1987,26770,24
South Dakota,1987,27587,23
Tennessee,1987,28300,23
Texas,1987,29796,25
Utah,1987,25347,15
Vermont,1987,30885,15
Virginia,1987,36056,15
Washington,1987,33797,16
West Virginia,1987,23956,30
Wisconsin,1987,31580,15
Wyoming,1987,29039,18
Alabama,1988,27099,32
Alaska,1988,39519,16
Arizona,1988,31340,19
Arkansas,1988,25663,28
California,1988,38609,19
Colorado,1988,34146,17
Connecticut,1988,46862,10
Delaware,1988,37467,11
District of Columbia,1988,43858,27
Florida,1988,34995,19
Georgia,1988,31281,21
Hawaii,1988,37308,12
Idaho,1988,27019,19
Illinois,1988,36823,22
Indiana,1988,30635,14
Iowa,1988,30400,20
Kansas,1988,32541,10
Kentucky,1988,26956,21
Louisiana,1988,25780,38
Maine,1988,31283,15
Maryland,1988,40910,11
Massachusetts,1988,42149,11
Michigan,1988,33439,17
Minnesota,1988,34207,14
Mississippi,1988,23014,30
Missouri,1988,31775,16
Montana,1988,26355,21
Nebraska,1988,32226,15
Nevada,1988,36250,15
New Hampshire,1988,38970,5
New Jersey,1988,43689,14
New Mexico,1988,26569,25
New York,1988,41048,21
North Carolina,1988,30385,19
North Dakota,1988,25453,11
Ohio,1988,32462,19
Oklahoma,1988,28181,21
Oregon,1988,31186,16
Pennsylvania,1988,33831,15
Rhode Island,1988,35907,11
South Carolina,1988,27680,22
South Dakota,1988,27523,19
Tennessee,1988,29303,21
Texas,1988,30276,25
Utah,1988,25697,12
Vermont,1988,31870,14
Virginia,1988,37229,14
Washington,1988,34509,13
West Virginia,1988,24903,30
Wisconsin,1988,31911,10
Wyoming,1988,29175,13
Alabama,1989,28105,24
Alaska,1989,40995,13
Arizona,1989,31365,22
Arkansas,1989,26226,29
California,1989,38650,19
Colorado,1989,35098,15
Connecticut,1989,48366,3
Delaware,1989,39152,13
District of Columbia,1989,45042,28
Florida,1989,36284,19
Georgia,1989,31690,22
Hawaii,1989,39234,17
Idaho,1989,28182,14
Illinois,1989,37340,19
Indiana,1989,31665,12
Iowa,1989,31538,10
Kansas,1989,32658,9
Kentucky,1989,27650,17
Louisiana,1989,26352,33
Maine,1989,32051,18
Maryland,1989,41523,12
Massachusetts,1989,42152,13
Michigan,1989,34230,17
Minnesota,1989,35356,16
Mississippi,1989,23834,38
Missouri,1989,32359,10
Montana,1989,27744,17
Nebraska,1989,32515,15
Nevada,1989,36806,12
New Hampshire,1989,38997,7
New Jersey,1989,44670,8
New Mexico,1989,26919,28
New York,1989,42235,20
North Carolina,1989,31190,17
North Dakota,1989,27620,13
Ohio,1989,33227,17
Oklahoma,1989,28821,23
Oregon,1989,32188,10
Pennsylvania,1989,34899,17
Rhode Island,1989,37165,13
South Carolina,1989,28366,21
South Dakota,1989,28326,20
Tennessee,1989,29818,26
Texas,1989,30630,25
Utah,1989,26092,14
Vermont,1989,33174,13
Virginia,1989,37863,15
Washington,1989,35608,11
West Virginia,1989,25493,18
Wisconsin,1989,32983,10
Wyoming,1989,30923,10
Alabama,1990,28185,23
Alaska,1990,40754,15
Arizona,1990,30654,22
Arkansas,1990,26065,24
California,1990,38300,20
Colorado,1990,34948,15
Connecticut,1990,47090,2
Delaware,1990,38344,12
District of Columbia,1990,45844,27
Florida,1990,35556,18
Georgia,1990,31611,22
Hawaii,1990,39899,14
Idaho,1990,28436,12
Illinois,1990,37462,19
Indiana,1990,31513,20
Iowa,1990,31433,15
Kansas,1990,32804,15
Kentucky,1990,27719,19
Louisiana,1990,27124,30
Maine,1990,31328,12
Maryland,1990,41113,10
Massachusetts,1990,41134,13
Michigan,1990,33768,18
Minnesota,1990,35273,16
Mississippi,1990,23685,29
Missouri,1990,31882,16
Montana,1990,27669,22
Nebraska,1990,32907,18
Nevada,1990,36501,16
New Hampshire,1990,36895,8
New Jersey,1990,44200,12
New Mexico,1990,26981,28
New York,1990,42760,19
North Carolina,1990,30939,15
North Dakota,1990,28752,12
Ohio,1990,33271,15
Oklahoma,1990,28839,19
Oregon,1990,32189,13
Pennsylvania,1990,34918,17
Rhode Island,1990,35977,6
South Carolina,1990,28529,23
South Dakota,1990,29406,14
Tennessee,1990,29830,22
Texas,1990,30944,24
Utah,1990,26487,9
Vermont,1990,32224,8
Virginia,1990,37136,16
Washington,1990,35936,14
West Virginia,1990,25956,20
Wisconsin,1990,32752,9
Wyoming,1990,32041,13
Alabama,1991,28215,24
Alaska,1991,39591,15
Arizona,1991,30047,20
Arkansas,1991,26131,23
California,1991,37321,22
Colorado,1991,34690,18
Connecticut,1991,45363,8
Delaware,1991,38149,9
District of Columbia,1991,46306,30
Florida,1991,34569,25
Georgia,1991,31123,24
Hawaii,1991,39668,22
Idaho,1991,27886,19
Illinois,1991,36360,18
Indiana,1991,30786,16
Iowa,1991,30685,13
Kansas,1991,32377,13
Kentucky,1991,27852,18
Louisiana,1991,27218,37
Maine,1991,30401,20
Maryland,1991,40315,17
Massachusetts,1991,40137,16
Michigan,1991,32774,20
Minnesota,1991,34485,19
Mississippi,1991,23721,31
Missouri,1991,31736,16
Montana,1991,27991,22
Nebraska,1991,32493,9
Nevada,1991,36264,12
New Hampshire,1991,36652,8
New Jersey,1991,42895,14
New Mexico,1991,27122,25
New York,1991,40825,20
North Carolina,1991,30473,18
North Dakota,1991,27996,18
Ohio,1991,32369,17
Oklahoma,1991,28251,17
Oregon,1991,31741,11
Pennsylvania,1991,34656,17
Rhode Island,1991,34575,4
South Carolina,1991,27999,19
South Dakota,1991,29139,19
Tennessee,1991,29633,24
Texas,1991,30461,22
Utah,1991,26538,9
Vermont,1991,31233,14
Virginia,1991,36649,13
Washington,1991,36002,10
West Virginia,1991,25858,24
Wisconsin,1991,32254,11
Wyoming,1991,31890,12
Alabama,1992,29104,24
Alaska,1992,39743,15
Arizona,1992,30094,21
Arkansas,1992,27299,19
California,1992,37594,23
Colorado,1992,35488,14
Connecticut,1992,47419,14
Delaware,1992,38051,14
District of Columbia,1992,47749,32
Florida,1992,34835,27
Georgia,1992,31971,28
Hawaii,1992,40731,12
Idaho,1992,28928,17
Illinois,1992,37840,20
Indiana,1992,32057,23
Iowa,1992,31755,11
Kansas,1992,33445,15
Kentucky,1992,28814,21
Louisiana,1992,28063,24
Maine,1992,30855,22
Maryland,1992,40655,14
Massachusetts,1992,40907,14
Michigan,1992,33482,21
Minnesota,1992,35569,17
Mississippi,1992,24602,31
Missouri,1992,32582,17
Montana,1992,28350,16
Nebraska,1992,33221,12
Nevada,1992,37471,17
New Hampshire,1992,37054,7
New Jersey,1992,44398,17
New Mexico,1992,27596,31
New York,1992,41618,22
North Carolina,1992,31720,18
North Dakota,1992,29677,15
Ohio,1992,33258,18
Oklahoma,1992,28809,23
Oregon,1992,32271,16
Pennsylvania,1992,35322,15
Rhode Island,1992,35071,14
South Carolina,1992,28566,21
South Dakota,1992,30250,17
Tennessee,1992,30976,22
Texas,1992,31336,24
Utah,1992,27043,19
Vermont,1992,32220,18
Virginia,1992,37235,15
Washington,1992,36755,13
West Virginia,1992,26937,23
Wisconsin,1992,33429,16
Wyoming,1992,32299,9
Alabama,1993,29137,24
Alaska,1993,39902,12
Arizona,1993,30301,22
Arkansas,1993,27368,21
California,1993,37017,23
Colorado,1993,36109,11
Connecticut,1993,47508,15
Delaware,1993,37761,11
District of Columbia,1993,48495,31
Florida,1993,35211,22
Georgia,1993,32209,29
Hawaii,1993,40508,16
Idaho,1993,29777,20
Illinois,1993,37641,21
Indiana,1993,32457,13
Iowa,1993,30758,15
Kansas,1993,33657,12
Kentucky,1993,28707,23
Louisiana,1993,28450,32
Maine,1993,30833,17
Maryland,1993,40676,16
Massachusetts,1993,41087,18
Michigan,1993,34023,17
Minnesota,1993,35103,16
Mississippi,1993,25148,31
Missouri,1993,32760,17
Montana,1993,29105,15
Nebraska,1993,33026,15
Nevada,1993,37649,19
New Hampshire,1993,36803,10
New Jersey,1993,44054,13
New Mexico,1993,28087,28
New York,1993,41210,23
North Carolina,1993,32177,23
North Dakota,1993,29061,13
Ohio,1993,33431,18
Oklahoma,1993,28800,19
Oregon,1993,32823,12
Pennsylvania,1993,35382,15
Rhode Island,1993,35422,21
South Carolina,1993,28811,27
South Dakota,1993,30317,17
Tennessee,1993,31472,16
Texas,1993,31483,23
Utah,1993,27433,11
Vermont,1993,32186,11
Virginia,1993,37472,14
Washington,1993,36664,15
West Virginia,1993,26955,31
Wisconsin,1993,33742,15
Wyoming,1993,32639,13
Alabama,1994,29754,21
Alaska,1994,39928,9
Arizona,1994,31045,23
Arkansas,1994,27902,25
California,1994,36989,26
Colorado,1994,36807,11
Connecticut,1994,47433,13
Delaware,1994,37678,14
District of Columbia,1994,48861,52
Florida,1994,35363,27
Georgia,1994,32999,19
Hawaii,1994,39866,13
Idaho,1994,30076,14
Illinois,1994,38326,18
Indiana,1994,33318,11
Iowa,1994,32527,11
Kansas,1994,33996,15
Kentucky,1994,29138,24
Louisiana,1994,29351,39
Maine,1994,31312,16
Maryland,1994,41056,14
Massachusetts,1994,41814,16
Michigan,1994,35456,24
Minnesota,1994,36280,12
Mississippi,1994,26198,30
Missouri,1994,33499,21
Montana,1994,28587,15
Nebraska,1994,33939,14
Nevada,1994,38280,14
New Hampshire,1994,37928,15
New Jersey,1994,44121,16
New Mexico,1994,28457,19
New York,1994,41277,24
North Carolina,1994,32733,19
North Dakota,1994,30571,10
Ohio,1994,34233,18
Oklahoma,1994,29083,24
Oregon,1994,33631,14
Pennsylvania,1994,35540,18
Rhode Island,1994,35374,20
South Carolina,1994,29463,26
South Dakota,1994,31457,17
Tennessee,1994,32045,31
Texas,1994,31749,22
Utah,1994,28097,16
Vermont,1994,32628,15
Virginia,1994,37936,12
Washington,1994,36928,12
West Virginia,1994,27356,32
Wisconsin,1994,34599,16
Wyoming,1994,32795,12
Alabama,1995,30337,19
Alaska,1995,39793,13
Arizona,1995,31461,24
Arkansas,1995,28368,20
California,1995,37577,25
Colorado,1995,37859,9
Connecticut,1995,48484,20
Delaware,1995,38156,9
District of Columbia,1995,48519,29
Florida,1995,36182,23
Georgia,1995,33811,19
Hawaii,1995,39295,13
Idaho,1995,30561,15
Illinois,1995,39246,18
Indiana,1995,33521,13
Iowa,1995,32756,14
Kansas,1995,34160,19
Kentucky,1995,29389,27
Louisiana,1995,29715,36
Maine,1995,31790,11
Maryland,1995,41255,19
Massachusetts,1995,42689,12
Michigan,1995,36159,18
Minnesota,1995,36931,14
Mississippi,1995,26564,29
Missouri,1995,33889,24
Montana,1995,28807,13
Nebraska,1995,34502,11
Nevada,1995,38726,17
New Hampshire,1995,38677,13
New Jersey,1995,45248,14
New Mexico,1995,29070,29
New York,1995,42203,23
North Carolina,1995,33383,18
North Dakota,1995,29660,11
Ohio,1995,34695,20
Oklahoma,1995,29269,21
Oregon,1995,34504,16
Pennsylvania,1995,36048,19
Rhode Island,1995,36227,13
South Carolina,1995,29977,19
South Dakota,1995,30912,18
Tennessee,1995,32851,20
Texas,1995,32342,26
Utah,1995,28998,10
Vermont,1995,33152,9
Virginia,1995,38242,12
Washington,1995,37222,14
West Virginia,1995,27422,21
Wisconsin,1995,35005,12
Wyoming,1995,33037,10
Alabama,1996,30498,23
Alaska,1996,39427,8
Arizona,1996,32008,25
Arkansas,1996,28832,23
California,1996,38423,23
Colorado,1996,38718,11
Connecticut,1996,49199,17
Delaware,1996,39043,18
District of Columbia,1996,49762,30
Florida,1996,36592,22
Georgia,1996,34660,16
Hawaii,1996,37956,14
Idaho,1996,30899,16
Illinois,1996,40232,20
Indiana,1996,34087,14
Iowa,1996,34527,15
Kansas,1996,35174,10
Kentucky,1996,30045,20
Louisiana,1996,29986,24
Maine,1996,32494,14
Maryland,1996,41588,14
Massachusetts,1996,43823,17
Michigan,1996,36652,14
Minnesota,1996,38260,10
Mississippi,1996,27121,35
Missouri,1996,34525,10
Montana,1996,28968,19
Nebraska,1996,36131,12
Nevada,1996,39488,12
New Hampshire,1996,39205,5
New Jersey,1996,46119,10
New Mexico,1996,29121,35
New York,1996,42984,23
North Carolina,1996,34001,19
North Dakota,1996,32102,13
Ohio,1996,35183,18
Oklahoma,1996,29812,25
Oregon,1996,35452,17
Pennsylvania,1996,36754,17
Rhode Island,1996,36313,17
South Carolina,1996,30568,32
South Dakota,1996,32990,17
Tennessee,1996,33135,19
Texas,1996,33103,23
Utah,1996,29862,9
Vermont,1996,33657,14
Virginia,1996,38526,16
Washington,1996,38266,15
West Virginia,1996,27728,25
Wisconsin,1996,35658,12
Wyoming,1996,33296,10
Alabama,1997,31136,21
Alaska,1997,40350,9
Arizona,1997,32894,31
Arkansas,1997,29206,20
California,1997,39378,24
Colorado,1997,39732,12
Connecticut,1997,51102,23
Delaware,1997,39308,13
District of Columbia,1997,51639,38
Florida,1997,37055,20
Georgia,1997,35219,19
Hawaii,1997,38068,16
Idaho,1997,30887,16
Illinois,1997,41234,17
Indiana,1997,34767,8
Iowa,1997,35182,12
Kansas,1997,36245,11
Kentucky,1997,30923,28
Louisiana,1997,30691,28
Maine,1997,33353,14
Maryland,1997,42556,15
Massachusetts,1997,45202,14
Michigan,1997,37537,16
Minnesota,1997,39083,13
Mississippi,1997,27715,26
Missouri,1997,35528,12
Montana,1997,29402,25
Nebraska,1997,36072,11
Nevada,1997,39892,10
New Hampshire,1997,40661,7
New Jersey,1997,47634,14
New Mexico,1997,29509,33
New York,1997,44225,25
North Carolina,1997,35002,18
North Dakota,1997,30824,11
Ohio,1997,36319,17
Oklahoma,1997,30463,24
Oregon,1997,36187,20
Pennsylvania,1997,37716,16
Rhode Island,1997,37427,11
South Carolina,1997,31276,21
South Dakota,1997,32839,12
Tennessee,1997,33794,20
Texas,1997,34542,22
Utah,1997,30795,8
Vermont,1997,34465,17
Virginia,1997,39678,17
Washington,1997,39604,16
West Virginia,1997,28298,23
Wisconsin,1997,36718,11
Wyoming,1997,34763,10
Alabama,1998,32494,25
Alaska,1998,41082,11
Arizona,1998,34507,25
Arkansas,1998,30247,24
California,1998,41603,25
Colorado,1998,42477,9
Connecticut,1998,53666,11
Delaware,1998,41354,16
District of Columbia,1998,54266,36
Florida,1998,38631,19
Georgia,1998,37176,25
Hawaii,1998,37956,19
Idaho,1998,32403,19
Illinois,1998,42695,16
Indiana,1998,36694,13
Iowa,1998,36198,12
Kansas,1998,37736,13
Kentucky,1998,32061,24
Louisiana,1998,31476,22
Maine,1998,34937,15
Maryland,1998,44692,10
Massachusetts,1998,46986,21
Michigan,1998,38917,14
Minnesota,1998,41488,15
Mississippi,1998,28658,21
Missouri,1998,36474,19
Montana,1998,30985,18
Nebraska,1998,37772,9
Nevada,1998,40831,15
New Hampshire,1998,42846,12
New Jersey,1998,49497,15
New Mexico,1998,30400,31
New York,1998,45435,24
North Carolina,1998,36378,15
North Dakota,1998,33399,20
Ohio,1998,37729,14
Oklahoma,1998,31605,17
Oregon,1998,37296,14
Pennsylvania,1998,39105,15
Rhode Island,1998,39180,21
South Carolina,1998,32577,19
South Dakota,1998,34899,16
Tennessee,1998,36148,18
Texas,1998,36398,23
Utah,1998,32020,12
Vermont,1998,36264,13
Virginia,1998,41308,18
Washington,1998,42054,12
West Virginia,1998,29035,20
Wisconsin,1998,38435,10
Wyoming,1998,36314,13
Alabama,1999,32856,21
Alaska,1999,41165,10
Arizona,1999,34926,25
Arkansas,1999,30536,14
California,1999,42850,22
Colorado,1999,43897,13
Connecticut,1999,54754,15
Delaware,1999,41955,15
District of Columbia,1999,55091,46
Florida,1999,38982,21
Georgia,1999,37900,24
Hawaii,1999,38409,14
Idaho,1999,33165,17
Illinois,1999,43146,13
Indiana,1999,37126,13
Iowa,1999,36181,15
Kansas,1999,38090,12
Kentucky,1999,32501,16
Louisiana,1999,31303,29
Maine,1999,35626,12
Maryland,1999,45999,9
Massachusetts,1999,48642,14
Michigan,1999,39718,15
Minnesota,1999,42209,12
Mississippi,1999,28780,19
Missouri,1999,36908,13
Montana,1999,31080,22
Nebraska,1999,38481,13
Nevada,1999,41546,13
New Hampshire,1999,43636,13
New Jersey,1999,50224,13
New Mexico,1999,30414,23
New York,1999,46488,24
North Carolina,1999,36984,22
North Dakota,1999,33126,18
Ohio,1999,38095,16
Oklahoma,1999,31863,20
Oregon,1999,37691,19
Pennsylvania,1999,39879,18
Rhode Island,1999,39665,18
South Carolina,1999,33137,18
South Dakota,1999,35844,9
Tennessee,1999,36504,14
Texas,1999,36947,20
Utah,1999,32690,12
Vermont,1999,37335,14
Virginia,1999,42611,8
Washington,1999,43446,11
West Virginia,1999,29170,26
Wisconsin,1999,38884,11
Wyoming,1999,37855,13
Alabama,2000,33324,20
Alaska,2000,42610,9
Arizona,2000,35908,15
Arkansas,2000,30826,15
California,2000,45147,19
Colorado,2000,46312,12
Connecticut,2000,57097,11
Delaware,2000,43430,17
District of Columbia,2000,58461,25
Florida,2000,40011,18
Georgia,2000,38795,18
Hawaii,2000,39140,10
Idaho,2000,34176,17
Illinois,2000,44562,14
Indiana,2000,38040,8
Iowa,2000,37322,7
Kansas,2000,38920,17
Kentucky,2000,33743,14
Louisiana,2000,31868,25
Maine,2000,36679,19
Maryland,2000,47806,7
Massachusetts,2000,51999,20
Michigan,2000,40613,12
Minnesota,2000,43740,10
Mississippi,2000,29178,23
Missouri,2000,37894,18
Montana,2000,31923,20
Nebraska,2000,39195,10
Nevada,2000,42227,15
New Hampshire,2000,46384,7
New Jersey,2000,52981,11
New Mexico,2000,31685,30
New York,2000,47773,20
North Carolina,2000,37695,19
North Dakota,2000,35007,17
Ohio,2000,38725,14
Oklahoma,2000,33559,13
Oregon,2000,39059,17
Pennsylvania,2000,41245,12
Rhode Island,2000,40864,15
South Carolina,2000,33995,15
South Dakota,2000,36885,7
Tennessee,2000,37187,17
Texas,2000,38348,21
Utah,2000,33516,7
Vermont,2000,38626,11
Virginia,2000,43911,10
Washington,2000,44469,9
West Virginia,2000,29898,21
Wisconsin,2000,39759,9
Wyoming,2000,39145,13
Alabama,2001,33611,18
Alaska,2001,43225,9
Arizona,2001,35801,18
Arkansas,2001,31383,19
California,2001,44819,18
Colorado,2001,46350,13
Connecticut,2001,57475,11
Delaware,2001,44711,12
District of Columbia,2001,59295,26
Florida,2001,40188,16
Georgia,2001,38907,15
Hawaii,2001,38996,12
Idaho,2001,34296,18
Illinois,2001,44400,15
Indiana,2001,37688,10
Iowa,2001,37331,9
Kansas,2001,39201,10
Kentucky,2001,33837,17
Louisiana,2001,33020,24
Maine,2001,37194,11
Maryland,2001,48426,8
Massachusetts,2001,52323,14
Michigan,2001,39780,12
Minnesota,2001,43842,6
Mississippi,2001,29970,20
Missouri,2001,37872,10
Montana,2001,32559,17
Nebraska,2001,39705,10
Nevada,2001,41794,13
New Hampshire,2001,46228,5
New Jersey,2001,52916,8
New Mexico,2001,33192,23
New York,2001,47733,20
North Carolina,2001,37454,16
North Dakota,2001,34920,11
Ohio,2001,38692,13
Oklahoma,2001,34947,21
Oregon,2001,38593,16
Pennsylvania,2001,41464,10
Rhode Island,2001,41532,14
South Carolina,2001,33996,13
South Dakota,2001,37417,14
Tennessee,2001,37004,20
Texas,2001,39056,20
Utah,2001,33816,8
Vermont,2001,39432,10
Virginia,2001,44345,10
Washington,2001,43712,11
West Virginia,2001,30644,20
Wisconsin,2001,40092,12
Wyoming,2001,40394,12
Alabama,2002,33872,21
Alaska,2002,43784,11
Arizona,2002,35727,21
Arkansas,2002,31422,25
California,2002,44332,16
Colorado,2002,45004,11
Connecticut,2002,55969,9
Delaware,2002,45212,8
District of Columbia,2002,59264,31
Florida,2002,40210,18
Georgia,2002,38706,18
Hawaii,2002,39638,16
Idaho,2002,34302,13
Illinois,2002,44195,15
Indiana,2002,37443,9
Iowa,2002,37795,6
Kansas,2002,38740,13
Kentucky,2002,33971,16
Louisiana,2002,33236,20
Maine,2002,37571,11
Maryland,2002,49035,7
Massachusetts,2002,51384,11
Michigan,2002,39308,12
Minnesota,2002,43881,8
Mississippi,2002,30035,25
Missouri,2002,38004,10
Montana,2002,32752,14
Nebraska,2002,39702,13
Nevada,2002,41272,10
New Hampshire,2002,45890,8
New Jersey,2002,52459,9
New Mexico,2002,33393,25
New York,2002,46824,19
North Carolina,2002,36939,15
North Dakota,2002,35135,16
Ohio,2002,38702,15
Oklahoma,2002,34862,19
Oregon,2002,38097,15
Pennsylvania,2002,41624,13
Rhode Island,2002,42296,10
South Carolina,2002,33995,24
South Dakota,2002,37059,8
Tennessee,2002,37106,17
Texas,2002,38013,20
Utah,2002,33564,11
Vermont,2002,39559,11
Virginia,2002,44480,8
Washington,2002,43450,13
West Virginia,2002,31359,21
Wisconsin,2002,40295,13
Wyoming,2002,40616,9
Alabama,2003,34343,18
Alaska,2003,44080,11
Arizona,2003,36030,17
Arkansas,2003,32291,27
California,2003,44704,19
Colorado,2003,44551,14
Connecticut,2003,55417,10
Delaware,2003,44892,12
District of Columbia,2003,60878,36
Florida,2003,40436,16
Georgia,2003,38594,15
Hawaii,2003,40286,14
Idaho,2003,34317,12
Illinois,2003,43970,16
Indiana,2003,37391,10
Iowa,2003,37787,9
Kansas,2003,39002,9
Kentucky,2003,33874,18
Louisiana,2003,33353,22
Maine,2003,38307,17
Maryland,2003,49721,8
Massachusetts,2003,51430,14
Michigan,2003,39410,15
Minnesota,2003,44602,8
Mississippi,2003,30407,22
Missouri,2003,38442,13
Montana,2003,33731,16
Nebraska,2003,41202,11
Nevada,2003,42181,11
New Hampshire,2003,45753,6
New Jersey,2003,52149,9
New Mexico,2003,33327,24
New York,2003,46914,20
North Carolina,2003,36898,19
North Dakota,2003,37475,16
Ohio,2003,38806,10
Oklahoma,2003,35111,18
Oregon,2003,38192,13
Pennsylvania,2003,41882,13
Rhode Island,2003,43034,13
South Carolina,2003,34040,17
South Dakota,2003,39333,11
Tennessee,2003,37389,17
Texas,2003,38020,21
Utah,2003,33291,12
Vermont,2003,40327,11
Virginia,2003,45501,13
Washington,2003,43826,12
West Virginia,2003,31304,24
Wisconsin,2003,40514,12
Wyoming,2003,42205,10
Alabama,2004,35602,21
Alaska,2004,44055,10
Arizona,2004,37280,19
Arkansas,2004,33195,25
California,2004,45830,18
Colorado,2004,44924,12
Connecticut,2004,57512,10
Delaware,2004,45846,12
District of Columbia,2004,63755,33
Florida,2004,42003,19
Georgia,2004,38864,16
Hawaii,2004,41711,11
Idaho,2004,35738,12
Illinois,2004,44626,18
Indiana,2004,38016,12
Iowa,2004,39790,12
Kansas,2004,39443,13
Kentucky,2004,34656,17
Louisiana,2004,33984,23
Maine,2004,39119,15
Maryland,2004,51567,10
Massachusetts,2004,52658,12
Michigan,2004,39617,14
Minnesota,2004,45491,9
Mississippi,2004,31171,24
Missouri,2004,39130,13
Montana,2004,34675,18
Nebraska,2004,41554,9
Nevada,2004,44010,15
New Hampshire,2004,47146,6
New Jersey,2004,53127,9
New Mexico,2004,33894,26
New York,2004,48513,20
North Carolina,2004,38013,20
North Dakota,2004,36809,11
Ohio,2004,39194,14
Oklahoma,2004,36032,15
Oregon,2004,38993,17
Pennsylvania,2004,42761,15
Rhode Island,2004,43782,16
South Carolina,2004,34613,17
South Dakota,2004,40229,12
Tennessee,2004,38155,17
Texas,2004,38337,22
Utah,2004,33960,10
Vermont,2004,41602,9
Virginia,2004,46574,11
Washington,2004,45254,15
West Virginia,2004,31498,26
Wisconsin,2004,41189,13
Wyoming,2004,43980,10
Alabama,2005,36023,22
Alaska,2005,44589,12
Arizona,2005,38673,18
Arkansas,2005,33393,20
California,2005,46485,18
Colorado,2005,45801,10
Connecticut,2005,58257,11
Delaware,2005,45733,12
District of Columbia,2005,66519,29
Florida,2005,43257,16
Georgia,2005,39370,20
Hawaii,2005,42569,9
Idaho,2005,35778,11
Illinois,2005,44974,18
Indiana,2005,37547,16
Iowa,2005,39382,11
Kansas,2005,39892,14
Kentucky,2005,34850,22
Louisiana,2005,35051,18
Maine,2005,38486,13
Maryland,2005,52247,13
Massachusetts,2005,53225,9
Michigan,2005,39313,16
Minnesota,2005,45032,9
Mississippi,2005,32004,29
Missouri,2005,39031,16
Montana,2005,35183,15
Nebraska,2005,41394,8
Nevada,2005,46031,14
New Hampshire,2005,46867,8
New Jersey,2005,53386,8
New Mexico,2005,34720,21
New York,2005,49604,21
North Carolina,2005,38530,19
North Dakota,2005,37709,10
Ohio,2005,39081,14
Oklahoma,2005,37192,15
Oregon,2005,38850,14
Pennsylvania,2005,42849,16
Rhode Island,2005,43592,18
South Carolina,2005,35029,21
South Dakota,2005,39907,16
Tennessee,2005,37862,19
Texas,2005,39612,22
Utah,2005,35100,11
Vermont,2005,41187,8
Virginia,2005,47532,10
Washington,2005,44904,15
West Virginia,2005,31514,16
Wisconsin,2005,41000,18
Wyoming,2005,46747,11
Alabama,2006,36540,21
Alaska,2006,45230,11
Arizona,2006,40236,18
Arkansas,2006,34088,17
California,2006,48106,17
Colorado,2006,46936,15
Connecticut,2006,60692,12
Delaware,2006,46549,11
District of Columbia,2006,69754,40
Florida,2006,44720,15
Georgia,2006,39767,21
Hawaii,2006,43783,9
Idaho,2006,37025,11
Illinois,2006,46443,14
Indiana,2006,38224,15
Iowa,2006,39951,13
Kansas,2006,41594,17
Kentucky,2006,35461,20
Louisiana,2006,38356,21
Maine,2006,39418,15
Maryland,2006,53592,12
Massachusetts,2006,55431,12
Michigan,2006,39123,15
Minnesota,2006,45753,10
Mississippi,2006,32383,30
Missouri,2006,39791,15
Montana,2006,36366,16
Nebraska,2006,41611,11
Nevada,2006,46046,13
New Hampshire,2006,48152,5
New Jersey,2006,55543,8
New Mexico,2006,35395,23
New York,2006,51879,20
North Carolina,2006,39074,18
North Dakota,2006,38010,11
Ohio,2006,39783,15
Oklahoma,2006,39012,19
Oregon,2006,40065,15
Pennsylvania,2006,44030,16
Rhode Island,2006,44887,18
South Carolina,2006,35964,19
South Dakota,2006,39203,15
Tennessee,2006,38284,21
Texas,2006,40993,20
Utah,2006,36730,11
Vermont,2006,42486,7
Virginia,2006,48640,11
Washington,2006,46377,14
West Virginia,2006,32659,19
Wisconsin,2006,41933,15
Wyoming,2006,51251,10
Alabama,2007,36841,17
Alaska,2007,46896,11
Arizona,2007,40306,19
Arkansas,2007,35056,21
California,2007,48502,17
Colorado,2007,47403,11
Connecticut,2007,62511,9
Delaware,2007,46027,10
District of Columbia,2007,72193,32
Florida,2007,44756,13
Georgia,2007,39953,18
Hawaii,2007,45011,10
Idaho,2007,37155,13
Illinois,2007,47499,14
Indiana,2007,38222,11
Iowa,2007,41418,13
Kansas,2007,42681,16
Kentucky,2007,35641,23
Louisiana,2007,40256,24
Maine,2007,39916,12
Maryland,2007,54236,9
Massachusetts,2007,56456,12
Michigan,2007,39174,18
Minnesota,2007,46753,10
Mississippi,2007,33158,29
Missouri,2007,40284,16
Montana,2007,37496,15
Nebraska,2007,43226,13
Nevada,2007,45900,11
New Hampshire,2007,48763,5
New Jersey,2007,56868,11
New Mexico,2007,35945,22
New York,2007,54369,19
North Carolina,2007,39425,18
North Dakota,2007,40647,12
Ohio,2007,40018,16
Oklahoma,2007,38943,20
Oregon,2007,40259,16
Pennsylvania,2007,44851,15
Rhode Island,2007,45880,15
South Carolina,2007,36368,14
South Dakota,2007,41798,13
Tennessee,2007,38419,20
Texas,2007,41433,21
Utah,2007,37793,12
Vermont,2007,43463,9
Virginia,2007,49373,11
Washington,2007,48139,10
West Virginia,2007,32850,20
Wisconsin,2007,42346,15
Wyoming,2007,51444,13
Alabama,2008,36487,24
Alaska,2008,48722,7
Arizona,2008,38713,19
Arkansas,2008,35039,19
California,2008,47193,17
Colorado,2008,46943,11
Connecticut,2008,60690,12
Delaware,2008,44801,12
District of Columbia,2008,75494,30
Florida,2008,42974,16
Georgia,2008,38701,18
Hawaii,2008,44854,11
Idaho,2008,35517,12
Illinois,2008,46889,13
Indiana,2008,37837,17
Iowa,2008,42699,11
Kansas,2008,43949,13
Kentucky,2008,35556,20
Louisiana,2008,40923,19
Maine,2008,39675,14
Maryland,2008,53870,11
Massachusetts,2008,55750,16
Michigan,2008,38520,15
Minnesota,2008,46615,11
Mississippi,2008,33194,33
Missouri,2008,40476,21
Montana,2008,37552,13
Nebraska,2008,43866,11
Nevada,2008,43192,11
New Hampshire,2008,48033,5
New Jersey,2008,56052,10
New Mexico,2008,36163,13
New York,2008,53337,20
North Carolina,2008,38662,21
North Dakota,2008,44281,10
Ohio,2008,39391,15
Oklahoma,2008,40743,17
Oregon,2008,39822,14
Pennsylvania,2008,44549,14
Rhode Island,2008,45321,13
South Carolina,2008,35889,19
South Dakota,2008,43682,12
Tennessee,2008,37964,18
Texas,2008,42903,22
Utah,2008,37058,11
Vermont,2008,43437,11
Virginia,2008,48592,12
Washington,2008,47772,11
West Virginia,2008,33547,24
Wisconsin,2008,41917,13
Wyoming,2008,53072,10
Alabama,2009,35804,22
Alaska,2009,47995,9
Arizona,2009,36927,24
Arkansas,2009,34375,19
California,2009,45174,19
Colorado,2009,45099,15
Connecticut,2009,58409,9
Delaware,2009,44369,13
District of Columbia,2009,73615,28
Florida,2009,40571,15
Georgia,2009,37310,20
Hawaii,2009,44927,16
Idaho,2009,34421,13
Illinois,2009,45128,18
Indiana,2009,36592,21
Iowa,2009,42091,13
Kansas,2009,42113,17
Kentucky,2009,35122,22
Louisiana,2009,39550,24
Maine,2009,40020,15
Maryland,2009,53536,9
Massachusetts,2009,54671,19
Michigan,2009,37139,19
Minnesota,2009,44786,14
Mississippi,2009,32889,23
Missouri,2009,39558,17
Montana,2009,36587,18
Nebraska,2009,42877,13
Nevada,2009,40017,15
New Hampshire,2009,47593,8
New Jersey,2009,54601,14
New Mexico,2009,35327,23
New York,2009,52081,20
North Carolina,2009,37956,16
North Dakota,2009,43510,15
Ohio,2009,38591,20
Oklahoma,2009,37648,20
Oregon,2009,38748,15
Pennsylvania,2009,44141,14
Rhode Island,2009,44873,15
South Carolina,2009,35213,17
South Dakota,2009,42560,17
Tennessee,2009,37409,21
Texas,2009,40132,21
Utah,2009,35209,8
Vermont,2009,42960,9
Virginia,2009,47856,13
Washington,2009,45771,12
West Virginia,2009,33955,21
Wisconsin,2009,41690,11
Wyoming,2009,47239,12
Alabama,2010,36210,26
Alaska,2010,48678,14
Arizona,2010,36315,27
Arkansas,2010,34204,23
California,2010,45171,20
Colorado,2010,44537,17
Connecticut,2010,58988,9
Delaware,2010,43768,18
District of Columbia,2010,74174,30
Florida,2010,41107,19
Georgia,2010,36687,20
Hawaii,2010,44515,20
Idaho,2010,34293,16
Illinois,2010,44905,18
Indiana,2010,36690,21
Iowa,2010,41700,13
Kansas,2010,41462,16
Kentucky,2010,35179,19
Louisiana,2010,39740,17
Maine,2010,39755,12
Maryland,2010,53453,13
Massachusetts,2010,55004,16
Michigan,2010,37479,20
Minnesota,2010,45480,16
Mississippi,2010,32940,27
Missouri,2010,39107,19
Montana,2010,36977,18
Nebraska,2010,42654,11
Nevada,2010,39161,17
New Hampshire,2010,48035,10
New Jersey,2010,54421,13
New Mexico,2010,35441,25
New York,2010,52969,22
North Carolina,2010,37856,23
North Dakota,2010,46231,14
Ohio,2010,38672,16
Oklahoma,2010,38365,18
Oregon,2010,38350,20
Pennsylvania,2010,44479,14
Rhode Island,2010,45952,22
South Carolina,2010,34901,18
South Dakota,2010,43388,14
Tennessee,2010,37846,21
Texas,2010,40665,24
Utah,2010,34664,13
Vermont,2010,42876,11
Virginia,2010,47899,14
Washington,2010,45454,14
West Virginia,2010,33970,21
Wisconsin,2010,41374,14
Wyoming,2010,48101,10
Alabama,2011,36271,20
Alaska,2011,49916,14
Arizona,2011,36791,28
Arkansas,2011,35317,17
California,2011,46361,22
Colorado,2011,45774,16
Connecticut,2011,59620,10
Delaware,2011,44234,17
District of Columbia,2011,76772,35
Florida,2011,41663,20
Georgia,2011,37734,23
Hawaii,2011,44537,18
Idaho,2011,34890,17
Illinois,2011,45760,20
Indiana,2011,37677,24
Iowa,2011,44192,12
Kansas,2011,43614,20
Kentucky,2011,35813,23
Louisiana,2011,39888,23
Maine,2011,40199,18
Maryland,2011,54071,12
Massachusetts,2011,56188,14
Michigan,2011,38501,18
Minnesota,2011,46849,12
Mississippi,2011,33264,36
Missouri,2011,39385,20
Montana,2011,38219,18
Nebraska,2011,45296,10
Nevada,2011,38794,22
New Hampshire,2011,49381,5
New Jersey,2011,55243,13
New Mexico,2011,36015,24
New York,2011,53812,24
North Carolina,2011,37823,24
North Dakota,2011,49592,16
Ohio,2011,40022,20
Oklahoma,2011,40384,23
Oregon,2011,39065,22
Pennsylvania,2011,45384,15
Rhode Island,2011,46176,18
South Carolina,2011,35306,23
South Dakota,2011,46040,13
Tennessee,2011,38489,24
Texas,2011,42493,25
Utah,2011,35468,13
Vermont,2011,44516,10
Virginia,2011,48771,12
Washington,2011,46170,12
West Virginia,2011,35177,23
Wisconsin,2011,42249,12
Wyoming,2011,51034,12
Alabama,2012,36474,20
Alaska,2012,50645,17
Arizona,2012,37166,22
Arkansas,2012,36962,25
California,2012,48208,23
Colorado,2012,47001,14
Connecticut,2012,61115,13
Delaware,2012,44683,20
District of Columbia,2012,77075,40
Florida,2012,41649,21
Georgia,2012,37780,23
Hawaii,2012,45238,17
Idaho,2012,35662,20
Illinois,2012,46690,18
Indiana,2012,38701,21
Iowa,2012,44666,11
Kansas,2012,44022,21
Kentucky,2012,36388,22
Louisiana,2012,41218,30
Maine,2012,40453,18
Maryland,2012,54454,11
Massachusetts,2012,57553,14
Michigan,2012,39156,22
Minnesota,2012,48079,13
Mississippi,2012,33941,22
Missouri,2012,40524,23
Montana,2012,39722,25
Nebraska,2012,46594,14
Nevada,2012,39810,20
New Hampshire,2012,50797,10
New Jersey,2012,55745,16
New Mexico,2012,36335,31
New York,2012,54900,23
North Carolina,2012,39109,23
North Dakota,2012,57144,12
Ohio,2012,40826,21
Oklahoma,2012,42012,19
Oregon,2012,39839,21
Pennsylvania,2012,46252,14
Rhode Island,2012,46942,17
South Carolina,2012,35870,22
South Dakota,2012,46352,20
Tennessee,2012,39580,23
Texas,2012,43912,24
Utah,2012,36422,13
Vermont,2012,45101,15
Virginia,2012,49436,13
Washington,2012,47752,18
West Virginia,2012,35660,23
Wisconsin,2012,43104,18
Wyoming,2012,53246,11
Alabama,2013,36481,26
Alaska,2013,50150,13
Arizona,2013,36983,28
Arkansas,2013,36698,27
California,2013,48434,21
Colorado,2013,46897,15
Connecticut,2013,60658,14
Delaware,2013,44815,20
District of Columbia,2013,75329,32
Florida,2013,41497,21
Georgia,2013,37845,26
Hawaii,2013,45204,20
Idaho,2013,36146,17
Illinois,2013,46980,19
Indiana,2013,38622,21
Iowa,2013,44763,13
Kansas,2013,44417,21
Kentucky,2013,36214,24
Louisiana,2013,41204,31
Maine,2013,40924,16
Maryland,2013,53826,12
Massachusetts,2013,57248,15
Michigan,2013,39055,18
Minnesota,2013,47500,14
Mississippi,2013,33913,30
Missouri,2013,40663,21
Montana,2013,39366,20
Nebraska,2013,47157,16
Nevada,2013,39235,19
New Hampshire,2013,51013,9
New Jersey,2013,55386,11
New Mexico,2013,35965,29
New York,2013,54462,24
North Carolina,2013,38683,23
North Dakota,2013,53182,16
Ohio,2013,41049,20
Oklahoma,2013,41861,23
Oregon,2013,39848,19
Pennsylvania,2013,46202,19
Rhode Island,2013,46989,20
South Carolina,2013,35831,22
South Dakota,2013,46039,13
Tennessee,2013,39558,23
Texas,2013,43862,23
Utah,2013,36640,12
Vermont,2013,45483,17
Virginia,2013,48838,14
Washington,2013,47717,15
West Virginia,2013,35533,17
Wisconsin,2013,43244,14
Wyoming,2013,52826,10